{
    "results": {
        "tool": {
            "name": "pytest",
            "version": "8.4.1"
        },
        "summary": {
            "tests": 2,
            "passed": 2,
            "failed": 0,
            "skipped": 0,
            "pending": 0,
            "other": 0,
            "start": 1775408215.8307035,
            "stop": 1775408215.909475
        },
        "tests": [
            {
                "name": "test_outputs.py::test_solution_file",
                "status": "passed",
                "duration": 0.0007691990012972383,
                "start": 1775408215.9069178,
                "stop": 1775408215.9080696,
                "retries": 0,
                "file_path": "test_outputs.py"
            },
            {
                "name": "test_outputs.py::test_solution_content",
                "status": "passed",
                "duration": 0.0006391350016201613,
                "start": 1775408215.908334,
                "stop": 1775408215.9092064,
                "retries": 0,
                "file_path": "test_outputs.py"
            }
        ]
    }
}