{
    "results": {
        "tool": {
            "name": "pytest",
            "version": "8.4.1"
        },
        "summary": {
            "tests": 2,
            "passed": 2,
            "failed": 0,
            "skipped": 0,
            "pending": 0,
            "other": 0,
            "start": 1775409115.7797365,
            "stop": 1775409115.8495276
        },
        "tests": [
            {
                "name": "test_outputs.py::test_solution_file",
                "status": "passed",
                "duration": 0.0005763179997302359,
                "start": 1775409115.847494,
                "stop": 1775409115.848399,
                "retries": 0,
                "file_path": "test_outputs.py"
            },
            {
                "name": "test_outputs.py::test_solution_content",
                "status": "passed",
                "duration": 0.0004937970006722026,
                "start": 1775409115.8486323,
                "stop": 1775409115.8492987,
                "retries": 0,
                "file_path": "test_outputs.py"
            }
        ]
    }
}