{
    "results": {
        "tool": {
            "name": "pytest",
            "version": "8.4.1"
        },
        "summary": {
            "tests": 2,
            "passed": 2,
            "failed": 0,
            "skipped": 0,
            "pending": 0,
            "other": 0,
            "start": 1775407405.6777267,
            "stop": 1775407405.783397
        },
        "tests": [
            {
                "name": "test_outputs.py::test_about_file",
                "status": "passed",
                "duration": 0.0008776510003372096,
                "start": 1775407405.7809017,
                "stop": 1775407405.7821345,
                "retries": 0,
                "file_path": "test_outputs.py"
            },
            {
                "name": "test_outputs.py::test_layout_file",
                "status": "passed",
                "duration": 0.0005738079980801558,
                "start": 1775407405.7823808,
                "stop": 1775407405.783148,
                "retries": 0,
                "file_path": "test_outputs.py"
            }
        ]
    }
}