{
    "results": {
        "tool": {
            "name": "pytest",
            "version": "8.4.1"
        },
        "summary": {
            "tests": 2,
            "passed": 2,
            "failed": 0,
            "skipped": 0,
            "pending": 0,
            "other": 0,
            "start": 1775407421.0496225,
            "stop": 1775407421.1397157
        },
        "tests": [
            {
                "name": "test_outputs.py::test_about_file",
                "status": "passed",
                "duration": 0.0007690970014664344,
                "start": 1775407421.1373324,
                "stop": 1775407421.1384988,
                "retries": 0,
                "file_path": "test_outputs.py"
            },
            {
                "name": "test_outputs.py::test_layout_file",
                "status": "passed",
                "duration": 0.0005637590002152137,
                "start": 1775407421.1387355,
                "stop": 1775407421.1394875,
                "retries": 0,
                "file_path": "test_outputs.py"
            }
        ]
    }
}