{
    "results": {
        "tool": {
            "name": "pytest",
            "version": "8.4.1"
        },
        "summary": {
            "tests": 2,
            "passed": 2,
            "failed": 0,
            "skipped": 0,
            "pending": 0,
            "other": 0,
            "start": 1775407408.0150008,
            "stop": 1775407408.120539
        },
        "tests": [
            {
                "name": "test_outputs.py::test_about_file",
                "status": "passed",
                "duration": 0.0009528939990559593,
                "start": 1775407408.1178448,
                "stop": 1775407408.1191614,
                "retries": 0,
                "file_path": "test_outputs.py"
            },
            {
                "name": "test_outputs.py::test_layout_file",
                "status": "passed",
                "duration": 0.0006481229993369197,
                "start": 1775407408.1194196,
                "stop": 1775407408.1202824,
                "retries": 0,
                "file_path": "test_outputs.py"
            }
        ]
    }
}