{
    "results": {
        "tool": {
            "name": "pytest",
            "version": "8.4.1"
        },
        "summary": {
            "tests": 2,
            "passed": 2,
            "failed": 0,
            "skipped": 0,
            "pending": 0,
            "other": 0,
            "start": 1775407439.5710049,
            "stop": 1775407439.6693192
        },
        "tests": [
            {
                "name": "test_outputs.py::test_about_file",
                "status": "passed",
                "duration": 0.0007475280017388286,
                "start": 1775407439.6669817,
                "stop": 1775407439.6680446,
                "retries": 0,
                "file_path": "test_outputs.py"
            },
            {
                "name": "test_outputs.py::test_layout_file",
                "status": "passed",
                "duration": 0.0006230050021258648,
                "start": 1775407439.668269,
                "stop": 1775407439.6690772,
                "retries": 0,
                "file_path": "test_outputs.py"
            }
        ]
    }
}