{
    "results": {
        "tool": {
            "name": "pytest",
            "version": "8.4.1"
        },
        "summary": {
            "tests": 2,
            "passed": 2,
            "failed": 0,
            "skipped": 0,
            "pending": 0,
            "other": 0,
            "start": 1775408158.6565979,
            "stop": 1775408158.7278361
        },
        "tests": [
            {
                "name": "test_outputs.py::test_solution_file",
                "status": "passed",
                "duration": 0.0005279759989207378,
                "start": 1775408158.725941,
                "stop": 1775408158.7267497,
                "retries": 0,
                "file_path": "test_outputs.py"
            },
            {
                "name": "test_outputs.py::test_solution_content",
                "status": "passed",
                "duration": 0.00047020499914651737,
                "start": 1775408158.726975,
                "stop": 1775408158.7276056,
                "retries": 0,
                "file_path": "test_outputs.py"
            }
        ]
    }
}