{
    "results": {
        "tool": {
            "name": "pytest",
            "version": "8.4.1"
        },
        "summary": {
            "tests": 2,
            "passed": 2,
            "failed": 0,
            "skipped": 0,
            "pending": 0,
            "other": 0,
            "start": 1775407543.2472267,
            "stop": 1775407543.3304644
        },
        "tests": [
            {
                "name": "test_outputs.py::test_about_file",
                "status": "passed",
                "duration": 0.000683647000187193,
                "start": 1775407543.328404,
                "stop": 1775407543.3293808,
                "retries": 0,
                "file_path": "test_outputs.py"
            },
            {
                "name": "test_outputs.py::test_layout_file",
                "status": "passed",
                "duration": 0.0004728250005427981,
                "start": 1775407543.3296094,
                "stop": 1775407543.3302395,
                "retries": 0,
                "file_path": "test_outputs.py"
            }
        ]
    }
}