{
    "results": {
        "tool": {
            "name": "pytest",
            "version": "8.4.1"
        },
        "summary": {
            "tests": 2,
            "passed": 2,
            "failed": 0,
            "skipped": 0,
            "pending": 0,
            "other": 0,
            "start": 1775408249.7439775,
            "stop": 1775408249.8216107
        },
        "tests": [
            {
                "name": "test_outputs.py::test_solution_file",
                "status": "passed",
                "duration": 0.0006130429974291474,
                "start": 1775408249.8195589,
                "stop": 1775408249.8205166,
                "retries": 0,
                "file_path": "test_outputs.py"
            },
            {
                "name": "test_outputs.py::test_solution_content",
                "status": "passed",
                "duration": 0.00047976400128391106,
                "start": 1775408249.8207414,
                "stop": 1775408249.8214061,
                "retries": 0,
                "file_path": "test_outputs.py"
            }
        ]
    }
}